"Symbol","Company","Industry","Purpose","BoardMeetingDate"
"SYNCOM","Syncom Healthcare Limited","-","Results","10-Jul-2017"
"AMTEKAUTO","Amtek Auto Limited","-","Results","11-Jul-2017"
"SUPREMEINF","Supreme Infrastructure India Limited","-","Board Meeting Postponed","11-Jul-2017"
"SOUTHBANK","The South Indian Bank Limited","-","Results","11-Jul-2017"
"MONNETISPA","Monnet Ispat and Energy Limited","-","Results","11-Jul-2017"
"PRIMESECU","Prime Securities Limited","-","Results","11-Jul-2017"
"INDUSINDBK","IndusInd Bank Limited","-","Results","11-Jul-2017"
"CCL","CCL Products (India) Limited","-","Results","11-Jul-2017"
"BAJAJCORP","Bajaj Corp Limited","-","Results","12-Jul-2017"
"CYIENT","Cyient Limited","-","Results","13-Jul-2017"
"TCS","Tata Consultancy Services Limited","-","Results/Dividend","13-Jul-2017"
"RIIL","Reliance Industrial Infrastructure Limited","-","Results","13-Jul-2017"
"HATSUN","Hatsun Agro Product Limited","-","Results/Dividend","13-Jul-2017"
"GRANDFONRY","Grand Foundry Limited","-","Results","13-Jul-2017"
"GOACARBON","Goa Carbon Limited","-","Results/Others","13-Jul-2017"
"BEPL","Bhansali Engineering Polymers Limited","-","Results/Others","14-Jul-2017"
"INFOMEDIA","Infomedia Press Limited","-","Results","14-Jul-2017"
"INFY","Infosys Limited","-","Results","14-Jul-2017"
"DCBBANK","DCB Bank Limited","-","Results","15-Jul-2017"
"KTKBANK","The Karnataka Bank Limited","-","Results","15-Jul-2017"
"GRUH","Gruh Finance Limited","-","Results","15-Jul-2017"
"ACC","ACC Limited","-","Results/Dividend","17-Jul-2017"
"SILINV","SIL Investments Limited","-","Results","17-Jul-2017"
"PRAKASH","Prakash Industries Limited","-","Results","17-Jul-2017"
"JUBLFOOD","Jubilant Foodworks Limited","-","Results","17-Jul-2017"
"JUBILANT","Jubilant Life Sciences Limited","-","Results","17-Jul-2017"
"LINDEINDIA","Linde India Limited","-","Results","17-Jul-2017"
"IMFA","Indian Metals & Ferro Alloys Limited","-","Results","17-Jul-2017"
"HMVL","Hindustan Media Ventures Limited","-","Results","17-Jul-2017"
"CGCL","Capri Global Capital Limited","-","Results","17-Jul-2017"
"ANGIND","ANG Industries Limited","-","Results/Others","17-Jul-2017"
"CRISIL","CRISIL Limited","-","Results/Dividend","18-Jul-2017"
"ULTRACEMCO","UltraTech Cement Limited","-","Results","18-Jul-2017"
"SASKEN","Sasken Technologies Limited","-","Results","18-Jul-2017"
"JUBILANT","Jubilant Life Sciences Limited","-","Results","18-Jul-2017"
"MAHSCOOTER","Maharashtra Scooters Limited","-","Results","18-Jul-2017"
"HINDUNILVR","Hindustan Unilever Limited","-","Results","18-Jul-2017"
"HIL","HIL Limited","-","Results","18-Jul-2017"
"HTMEDIA","HT Media Limited","-","Results","18-Jul-2017"
"BAJAJFINSV","Bajaj Finserv Limited","-","Results","19-Jul-2017"
"SUTLEJTEX","Sutlej Textiles and Industries Limited","-","Results","19-Jul-2017"
"MINDTREE","MindTree Limited","-","Results","19-Jul-2017"
"MASTEK","Mastek Limited","-","Results","19-Jul-2017"
"KPIT","KPIT Technologies Limited","-","Results","19-Jul-2017"
"HAVELLS","Havells India Limited","-","Results","19-Jul-2017"
"GNA","GNA Axles Limited","-","Results","19-Jul-2017"
"BAJFINANCE","Bajaj Finance Limited","-","Results","19-Jul-2017"
"ABB","ABB India Limited","-","Results","20-Jul-2017"
"WIPRO","Wipro Limited","-","Results","20-Jul-2017"
"NUCLEUS","Nucleus Software Exports Limited","-","Results","20-Jul-2017"
"RBLBANK","RBL Bank Limited","-","Results","20-Jul-2017"
"NIITTECH","NIIT Technologies Limited","-","Results","20-Jul-2017"
"RSSOFTWARE","R. S. Software (India) Limited","-","Results/Others","20-Jul-2017"
"MAHINDCIE","Mahindra CIE Automotive Limited","-","Results","20-Jul-2017"
"KOTAKBANK","Kotak Mahindra Bank Limited","-","Results","20-Jul-2017"
"KANSAINER","Kansai Nerolac Paints Limited","-","Results","20-Jul-2017"
"BAJAJHLDNG","Bajaj Holdings & Investment Limited","-","Results","20-Jul-2017"
"BAJAJ-AUTO","Bajaj Auto Limited","-","Results","20-Jul-2017"
"ASHOKLEY","Ashok Leyland Limited","-","Results","21-Jul-2017"
"TINPLATE","The Tinplate Company of India Limited","-","Results","21-Jul-2017"
"TATASPONGE","Tata Sponge Iron Limited","-","Results","21-Jul-2017"
"PERSISTENT","Persistent Systems Limited","-","Results","21-Jul-2017"
"MAFATLAFIN","Mafatlal Finance Limited","-","Results/Others","21-Jul-2017"
"CANFINHOME","Can Fin Homes Limited","-","Results","21-Jul-2017"
"ATUL","Atul Limited","-","Results","21-Jul-2017"
"3IINFOTECH","3i Infotech Limited","-","Results","22-Jul-2017"
"GICHSGFIN","GIC Housing Finance Limited","-","Results","24-Jul-2017"
"ZEEL","Zee Entertainment Enterprises Limited","-","Results","24-Jul-2017"
"WENDT","Wendt (India) Limited","-","Results","24-Jul-2017"
"VINYLINDIA","Vinyl Chemicals (India) Limited","-","Results","24-Jul-2017"
"NAUKRI","Info Edge (India) Limited","-","Results","24-Jul-2017"
"M&MFIN","Mahindra & Mahindra Financial Services Limited","-","Results","24-Jul-2017"
"INFRATEL","Bharti Infratel Limited","-","Results","24-Jul-2017"
"HDFCBANK","HDFC Bank Limited","-","Results","24-Jul-2017"
"EXCELCROP","Excel Crop Care Limited","-","Results","24-Jul-2017"
"AXISBANK","Axis Bank Limited","-","Results","25-Jul-2017"
"PIDILITIND","Pidilite Industries Limited","-","Results","25-Jul-2017"
"ORIENTHOT","Oriental Hotels Limited","-","Results/Others","25-Jul-2017"
"NAVINFLUOR","Navin Fluorine International Limited","-","Results","25-Jul-2017"
"MAHLIFE","Mahindra Lifespace Developers Limited","-","Results","25-Jul-2017"
"HEROMOTOCO","Hero MotoCorp Limited","-","Results","25-Jul-2017"
"IPAPPM","International Paper APPM Limited","-","Results","25-Jul-2017"
"ICICIPRULI","ICICI Prudential Life Insurance Company Limited","-","Results","25-Jul-2017"
"GLAXO","GlaxoSmithKline Pharmaceuticals Limited","-","Results","25-Jul-2017"
"GLAXO","GlaxoSmithKline Pharmaceuticals Limited","-","Results","25-Jul-2017"
"BHARATFIN","Bharat Financial Inclusion Limited","-","Results","26-Jul-2017"
"MPHASIS","MphasiS Limited","-","Results","26-Jul-2017"
"HDFC","Housing Development Finance Corporation Limited","-","Results/Others","26-Jul-2017"
"EVERESTIND","Everest Industries Limited","-","Results","26-Jul-2017"
"ATFL","Agro Tech Foods Limited","-","Results","26-Jul-2017"
"BIRLAMONEY","Aditya Birla Money Limited","-","Results","26-Jul-2017"
"BIOCON","Biocon Limited","-","Results/Others","27-Jul-2017"
"WABCOINDIA","WABCO India Limited","-","Results","27-Jul-2017"
"SYNGENE","Syngene International Limited","-","Results","27-Jul-2017"
"ONMOBILE","OnMobile Global Limited","-","Results","27-Jul-2017"
"NEPCMICON","NEPC India Limited","-","Results","27-Jul-2017"
"KIRLOSBROS","Kirloskar Brothers Limited","-","Results","27-Jul-2017"
"IDFCBANK","IDFC Bank Limited","-","Results/Others","27-Jul-2017"
"IDFC","IDFC Limited","-","Results","27-Jul-2017"
"ICICIBANK","ICICI Bank Limited","-","Results","27-Jul-2017"
"EXIDEIND","Exide Industries Limited","-","Results","27-Jul-2017"
"CHOLAFIN","Cholamandalam Investment and Finance Company Limited","-","Results/Others","27-Jul-2017"
"DRREDDY","Dr. Reddy's Laboratories Limited","-","Results","27-Jul-2017"
"ABFRL","Aditya Birla Fashion and Retail Limited","-","Results","27-Jul-2017"
"CROMPTON","Crompton Greaves Consumer Electricals Limited","-","Results","27-Jul-2017"
"COROMANDEL","Coromandel International Limited","-","Results","28-Jul-2017"
"ZUARIGLOB","Zuari Global Limited","-","Results","28-Jul-2017"
"ZUARI","Zuari Agro Chemicals Limited","-","Results","28-Jul-2017"
"ASAL","Automotive Stampings and Assemblies Limited","-","Results","28-Jul-2017"
"GHCL","GHCL Limited","-","Results","29-Jul-2017"
"SUPERHOUSE","Superhouse Limited","-","Results/Others","29-Jul-2017"
"SAITELE","Sai Television Limited","-","Results","29-Jul-2017"
"NEPCTEX","Nepc Textiles Limited","-","Results","29-Jul-2017"
"NEPCMICON","NEPC India Limited","-","Results","29-Jul-2017"
"NEPCAGRO","NEPC  Agro Foods Limited","-","Results","29-Jul-2017"
"GODREJCP","Godrej Consumer Products Limited","-","Results/Dividend","31-Jul-2017"
"ZODJRDMKJ","Zodiac JRD- MKJ Limited","-","Results","31-Jul-2017"
"VGUARD","V-Guard Industries Limited","-","Results","31-Jul-2017"
"VGUARD","V-Guard Industries Limited","-","Results","31-Jul-2017"
"TRENT","Trent Limited","-","Results","31-Jul-2017"
"SHREECEM","Shree Cements Limited","-","Results","31-Jul-2017"
"SUNDRMFAST","Sundram Fasteners Limited","-","Results","31-Jul-2017"
"IVC","IL&FS Investment Managers Limited","-","Results","31-Jul-2017"
"EIHOTEL","EIH Limited","-","Results","01-Aug-2017"
"TCIEXP","TCI Express Limited","-","Results","01-Aug-2017"
"TCIDEVELOP","TCI Developers Limited","-","Results","01-Aug-2017"
"EMAMILTD","Emami Limited","-","Results","02-Aug-2017"
"TCI","Transport Corporation of India Limited","-","Results","02-Aug-2017"
"PONNIERODE","Ponni Sugars (Erode) Limited","-","Results","02-Aug-2017"
"COLPAL","Colgate Palmolive (India) Limited","-","Results","03-Aug-2017"
"TITAN","Titan Company Limited","-","Results","03-Aug-2017"
"DABUR","Dabur India Limited","-","Results","04-Aug-2017"
"SUNDRMBRAK","Sundaram Brake Linings Limited","-","Results","04-Aug-2017"
"EIHAHOTELS","EIH Associated Hotels Limited","-","Results","04-Aug-2017"
"GNFC","Gujarat Narmada Valley Fertilizers and Chemicals Limited","-","Results","04-Aug-2017"
"BERGEPAINT","Berger Paints (I) Limited","-","Results","04-Aug-2017"
"LALPATHLAB","Dr. Lal Path Labs Ltd.","-","Results","07-Aug-2017"
"POLARIS","POLARIS CONSULTING & SERVICES LIMITED","-","Results/Others","07-Aug-2017"
"LAXMIMACH","Lakshmi Machine Works Limited","-","Results","07-Aug-2017"
"CHAMBLFERT","Chambal Fertilizers & Chemicals Limited","-","Results","08-Aug-2017"
"TIMKEN","Timken India Limited","-","Results","08-Aug-2017"
"SUNCLAYLTD","Sundaram Clayton Limited","-","Results","08-Aug-2017"
"PRISMCEM","Prism Cement Limited","-","Results","08-Aug-2017"
"FINCABLES","Finolex Cables Limited","-","Results","09-Aug-2017"
"HARITASEAT","Harita Seating Systems Limited","-","Results","09-Aug-2017"
"ARCHIES","Archies Limited","-","Results","10-Aug-2017"
"TVSMOTOR","TVS Motor Company Limited","-","Results","11-Aug-2017"
"RANEENGINE","Rane Engine Valve Limited","-","Results","21-Aug-2017"
"RBL","Rane Brake Lining Limited","-","Results","23-Aug-2017"
"RML","Rane (Madras) Limited","-","Results","24-Aug-2017"
"RANEHOLDIN","Rane Holdings Limited","-","Results","31-Aug-2017"
